{ "resourceType":"ImagingStudy",
 "id": "connectathon_example", 
"identifier": 
[ { "use": "official", 
"system": "urn:dicom:uid", 
"value": "urn:oid:{{ model['0020000D']['Value'][0]}}" 
} 
],
  "status": "available",
  "subject": {
    "reference": "Patient/2557734"
  },
{{-studyDateString = (model['00080020']['Value'][0] | string.slice 0 4) + '-' + (model['00080020']['Value'][0] | string.slice 4 2) + '-' + (model['00080020']['Value'][0] | string.slice 6 2)}}

{{-studyTimeString=(model['00080030']['Value'][0] | string.slice 0 2) + ":" + (model['00080030']['Value'][0] | string.slice 2 2) +":" + (model['00080030']['Value'][0] | string.slice 4 2) }}

"started":"{{studyDateString}}T{{studyTimeString}}",
  "numberOfSeries": 1,
  "numberOfInstances": 1,
   "series": [
    {
      "uid": "{{model['0020000E']['Value'][0]}}",
      "number": {{model['00200011']['Value'][0]}},
      "modality": {
        "system": "http://dicom.nema.org/resources/ontology/DCM",
        "code": "{{model['00080060']['Value'][0]}}"
      },
      "description": "{{model['0008103E']['Value'][0]}}",
      "numberOfInstances": 1,
      "bodySite": {
          "display": "{{model['00180015']['Value'][0]}}"
      },
      "instance": [
        {
          "uid": "{{model['00080018']['Value'][0]}}",
          "sopClass": {
            "system": "urn:ietf:rfc:3986",
            "code": "urn:oid:{{model['00080016']['Value'][0]}}"
          },
          "number": {{model['00200013']['Value'][0]}}
        }
      ]
    }
  ]
} 
}