{{-for item in model['0040a730']['Value'][4]['0040a730']['Value'][0]['0040a730']['Value']-}}
{{-if (item['0040a010']['Value'][0] == "CONTAINS" && item['0040a040']['Value'][0] =="NUM")-}}
{
  "resourceType": "Observation",
  "id": "Connectathon_1_12092021",
  "text": {
    "status": "generated"
  },
  "identifier": [
    {
      "use": "official",
      "system": "DCM",
      "value": "112039"
    }
  ],
  "status": "final",
  "code": {
    "coding": [
      {
        "system": "{{model['0040a730']['Value'][4]['0040a730']['Value'][0]['0040a730']['Value'][2]['0040a168']['Value'][0]['00080102']['Value'][0]}}",
        "code": "{{item['0040a043']['Value'][0]['00080100']['Value'][0]}}",
        "display": "{{ item['0040a043']['Value'][0]['00080104']['Value'][0]}}"
      }
    ]
  },
  "subject": {
    "reference": "Patient/1918173"
    
  },
  "effectivePeriod": {
    "start": "2013-04-02T09:30:10+01:00"
  },
  "issued": "2013-04-03T15:30:10+01:00",
  "valueQuantity": {
    "value": "{{item['0040a300']['Value'][0]['0040a30a']['Value'][0]}}",
    "unit": "{{model['0040a730']['Value'][4]['0040a730']['Value'][0]['0040a730']['Value'][10]['0040a300']['Value'][0]['004008ea']['Value'][0]['00080100']['Value'][0]}}",
    "system": "{{ item['0040a300']['Value'][0]['004008ea']['Value'][0]['00080102']['Value'][0]}}",
    "code": "{{ item['0040a300']['Value'][0]['004008ea']['Value'][0]['00080104']['Value'][0]}}"
  }
  
}
{{-end}}
{{-end}}