{
    "resourceType": "Bundle",
    "id": "5344ff84-189a-4017-8bf1-3f2743857da0",
    "type": "transaction-response",
    "link": [
        {
            "relation": "self",
            "url": "http://hapi.fhir.org/baseR4"
        }
    ],
    "entry": [
        {
            "response": {
                "status": "201 Created",
                "location": "Observation/2708325/_history/1",
                "etag": "1",
                "lastModified": "2021-12-11T14:12:46.528+00:00"
            }
        },
        {
            "response": {
                "status": "201 Created",
                "location": "Observation/2708326/_history/1",
                "etag": "1",
                "lastModified": "2021-12-11T14:12:46.528+00:00"
            }
        },
        {
            "response": {
                "status": "201 Created",
                "location": "Observation/2708327/_history/1",
                "etag": "1",
                "lastModified": "2021-12-11T14:12:46.528+00:00"
            }
        },
        {
            "response": {
                "status": "201 Created",
                "location": "Observation/2708328/_history/1",
                "etag": "1",
                "lastModified": "2021-12-11T14:12:46.528+00:00"
            }
        },
        {
            "response": {
                "status": "201 Created",
                "location": "Observation/2708329/_history/1",
                "etag": "1",
                "lastModified": "2021-12-11T14:12:46.528+00:00"
            }
        }
    ]
}