{
	"resourceType": "Bundle",
	"type": "transaction",
	"entry": [
	
{
   "resource": {
  "resourceType": "Observation",
  "id": "Connectathon_1_12092021_1",
  "text": {
    "status": "generated"
  },
  "identifier": [
    {
      "use": "official",
      "system": "DCM",
      "value": "112039"
    }
  ],
  "status": "final",
  "code": {
    "coding": [
      {
        "system": "RADLEX",
        "code": "103339001",
        "display": "Long Axis"
      }
    ]
  },
  "subject": {
    "reference": "Patient/2708154"
    
  },
  "effectivePeriod": {
    "start": "2013-04-02T09:30:10+01:00"
  },
  "issued": "2013-04-03T15:30:10+01:00",
  "valueQuantity": {
    "value": "16.9",
    "unit": "mm3",
    "system": "UCUM",
    "code": "millimeter"
  }
},
  "request": {
        "method": "POST",
        "url": "Observation"
      }
},
{  
  "resource": { 
      "resourceType": "Observation",
  "id": "Connectathon_1_12092021_2",
  "text": {
    "status": "generated"
  },
  "identifier": [
    {
      "use": "official",
      "system": "DCM",
      "value": "112039"
    }
  ],
  "status": "final",
  "code": {
    "coding": [
      {
        "system": "RADLEX",
        "code": "L0JK",
        "display": "Maximum 3D Diameter of a Mesh"
      }
    ]
  },
  "subject": {
    "reference": "Patient/2708154"
    
  },
  "effectivePeriod": {
    "start": "2013-04-02T09:30:10+01:00"
  },
  "issued": "2013-04-03T15:30:10+01:00",
  "valueQuantity": {
    "value": "21.9",
    "unit": "mm3",
    "system": "UCUM",
    "code": "millimeter"
  },
  "request": {
        "method": "POST",
        "url": "Patient"
      }
    },
  "request": {
        "method": "POST",
        "url": "Observation"
      }
},
    
{
   "resource": {
      "resourceType": "Observation",
  "id": "Connectathon_1_12092021_3",
  "text": {
    "status": "generated"
  },
  "identifier": [
    {
      "use": "official",
      "system": "DCM",
      "value": "112039"
    }
  ],
  "status": "final",
  "code": {
    "coding": [
      {
        "system": "RADLEX",
        "code": "103340004",
        "display": "Short Axis"
      }
    ]
  },
  "subject": {
    "reference": "Patient/2708154"
    
  },
  "effectivePeriod": {
    "start": "2013-04-02T09:30:10+01:00"
  },
  "issued": "2013-04-03T15:30:10+01:00",
  "valueQuantity": {
    "value": "10.0",
    "unit": "mm3",
    "system": "UCUM",
    "code": "millimeter"
  }
   },
      "request": {
        "method": "POST",
        "url": "Observation"
      }
},
 {  
  "resource": { 

  "resourceType": "Observation",
  "id": "Connectathon_1_12092021_4",
  "text": {
    "status": "generated"
  },
  "identifier": [
    {
      "use": "official",
      "system": "DCM",
      "value": "112039"
    }
  ],
  "status": "final",
  "code": {
    "coding": [
      {
        "system": "RADLEX",
        "code": "RID50155",
        "display": "Mean 2D diameter"
      }
    ]
  },
  "subject": {
    "reference": "Patient/2708154"
    
  },
  "effectivePeriod": {
    "start": "2013-04-02T09:30:10+01:00"
  },
  "issued": "2013-04-03T15:30:10+01:00",
  "valueQuantity": {
    "value": "13.5",
    "unit": "mm3",
    "system": "UCUM",
    "code": "millimeter"
  }
  },
     "request": {
        "method": "POST",
        "url": "Observation"
      }
},
{  
  "resource": {
   "resourceType": "Observation",
  "id": "Connectathon_1_12092021_5",
  "text": {
    "status": "generated"
  },
  "identifier": [
    {
      "use": "official",
      "system": "DCM",
      "value": "112039"
    }
  ],
  "status": "final",
  "code": {
    "coding": [
      {
        "system": "RADLEX",
        "code": "RID28668",
        "display": "Volume"
      }
    ]
  },
  "subject": {
    "reference": "Patient/2708154"
    
  },
  "effectivePeriod": {
    "start": "2013-04-02T09:30:10+01:00"
  },
  "issued": "2013-04-03T15:30:10+01:00",
  "valueQuantity": {
    "value": "767.9",
    "unit": "mm3",
    "system": "UCUM",
    "code": "cubic millimeter"
  }
  },
     "request": {
        "method": "POST",
        "url": "Observation"
      }
}
]
}