{
    "resourceType": "Bundle",
    "id": "66c37274-2305-46f9-92d8-8d40256d6872",
    "meta": {
        "lastUpdated": "2021-12-11T14:12:55.785+00:00"
    },
    "type": "searchset",
    "total": 8,
    "link": [
        {
            "relation": "self",
            "url": "http://hapi.fhir.org/baseR4/Patient/2708154/$everything"
        }
    ],
    "entry": [
        {
            "fullUrl": "http://hapi.fhir.org/baseR4/Patient/2708154",
            "resource": {
                "resourceType": "Patient",
                "id": "2708154",
                "meta": {
                    "versionId": "1",
                    "lastUpdated": "2021-12-11T06:52:12.240+00:00",
                    "source": "#ppPIvaaoPG5zntC9"
                },
                "text": {
                    "status": "generated",
                    "div": "<div xmlns=\"http://www.w3.org/1999/xhtml\"><div class=\"hapiHeaderText\">Mr. Sameer B <b>DEO </b></div><table class=\"hapiPropertyTable\"><tbody><tr><td>Identifier</td><td/></tr><tr><td>Address</td><td><span>81 Dholoara </span><br/><span>Rajkot </span><span>GJ </span><span>India </span></td></tr><tr><td>Date of birth</td><td><span>09 September 1981</span></td></tr></tbody></table></div>"
                },
                "identifier": [
                    {
                        "type": {
                            "coding": [
                                {
                                    "system": "http://terminology.hl7.org/CodeSystem/v2-0203",
                                    "code": "MRN95515",
                                    "display": "Medical record number"
                                }
                            ]
                        },
                        "system": "https://healthid.ndhm.gov.in"
                    }
                ],
                "name": [
                    {
                        "text": "Sameer Deo",
                        "family": "Deo",
                        "given": [
                            "Sameer",
                            "B"
                        ],
                        "prefix": [
                            "Mr."
                        ]
                    }
                ],
                "telecom": [
                    {
                        "system": "phone",
                        "value": "+91 981 8091854",
                        "use": "mobile"
                    },
                    {
                        "system": "phone",
                        "value": "+91 981 8091854",
                        "use": "home"
                    },
                    {
                        "system": "phone",
                        "value": "+91 981 8091854",
                        "use": "work"
                    },
                    {
                        "system": "email",
                        "value": "sameerdeo@yahoo.co.in"
                    }
                ],
                "gender": "male",
                "birthDate": "1981-09-09",
                "address": [
                    {
                        "line": [
                            "81 Dholoara"
                        ],
                        "city": "Rajkot",
                        "state": "GJ",
                        "postalCode": "360002",
                        "country": "India"
                    }
                ],
                "maritalStatus": {
                    "coding": [
                        {
                            "system": "http://terminology.hl7.org/CodeSystem/v3-MaritalStatus",
                            "code": "U",
                            "display": "unmarried"
                        }
                    ]
                }
            },
            "search": {
                "mode": "match"
            }
        },
        {
            "fullUrl": "http://hapi.fhir.org/baseR4/Observation/2708329",
            "resource": {
                "resourceType": "Observation",
                "id": "2708329",
                "meta": {
                    "versionId": "1",
                    "lastUpdated": "2021-12-11T14:12:46.528+00:00",
                    "source": "#7F08XgzDt1LDefLB"
                },
                "text": {
                    "status": "generated"
                },
                "identifier": [
                    {
                        "use": "official",
                        "system": "DCM",
                        "value": "112039"
                    }
                ],
                "status": "final",
                "code": {
                    "coding": [
                        {
                            "system": "RADLEX",
                            "code": "RID28668",
                            "display": "Volume"
                        }
                    ]
                },
                "subject": {
                    "reference": "Patient/2708154"
                },
                "effectivePeriod": {
                    "start": "2013-04-02T09:30:10+01:00"
                },
                "issued": "2013-04-03T15:30:10+01:00",
                "valueQuantity": {
                    "value": 767.9,
                    "unit": "mm3",
                    "system": "UCUM",
                    "code": "cubic millimeter"
                }
            },
            "search": {
                "mode": "match"
            }
        },
        {
            "fullUrl": "http://hapi.fhir.org/baseR4/Observation/2708328",
            "resource": {
                "resourceType": "Observation",
                "id": "2708328",
                "meta": {
                    "versionId": "1",
                    "lastUpdated": "2021-12-11T14:12:46.528+00:00",
                    "source": "#7F08XgzDt1LDefLB"
                },
                "text": {
                    "status": "generated"
                },
                "identifier": [
                    {
                        "use": "official",
                        "system": "DCM",
                        "value": "112039"
                    }
                ],
                "status": "final",
                "code": {
                    "coding": [
                        {
                            "system": "RADLEX",
                            "code": "RID50155",
                            "display": "Mean 2D diameter"
                        }
                    ]
                },
                "subject": {
                    "reference": "Patient/2708154"
                },
                "effectivePeriod": {
                    "start": "2013-04-02T09:30:10+01:00"
                },
                "issued": "2013-04-03T15:30:10+01:00",
                "valueQuantity": {
                    "value": 13.5,
                    "unit": "mm3",
                    "system": "UCUM",
                    "code": "millimeter"
                }
            },
            "search": {
                "mode": "match"
            }
        },
        {
            "fullUrl": "http://hapi.fhir.org/baseR4/Observation/2708325",
            "resource": {
                "resourceType": "Observation",
                "id": "2708325",
                "meta": {
                    "versionId": "1",
                    "lastUpdated": "2021-12-11T14:12:46.528+00:00",
                    "source": "#7F08XgzDt1LDefLB"
                },
                "text": {
                    "status": "generated"
                },
                "identifier": [
                    {
                        "use": "official",
                        "system": "DCM",
                        "value": "112039"
                    }
                ],
                "status": "final",
                "code": {
                    "coding": [
                        {
                            "system": "RADLEX",
                            "code": "103339001",
                            "display": "Long Axis"
                        }
                    ]
                },
                "subject": {
                    "reference": "Patient/2708154"
                },
                "effectivePeriod": {
                    "start": "2013-04-02T09:30:10+01:00"
                },
                "issued": "2013-04-03T15:30:10+01:00",
                "valueQuantity": {
                    "value": 16.9,
                    "unit": "mm3",
                    "system": "UCUM",
                    "code": "millimeter"
                }
            },
            "search": {
                "mode": "match"
            }
        },
        {
            "fullUrl": "http://hapi.fhir.org/baseR4/Observation/2708327",
            "resource": {
                "resourceType": "Observation",
                "id": "2708327",
                "meta": {
                    "versionId": "1",
                    "lastUpdated": "2021-12-11T14:12:46.528+00:00",
                    "source": "#7F08XgzDt1LDefLB"
                },
                "text": {
                    "status": "generated"
                },
                "identifier": [
                    {
                        "use": "official",
                        "system": "DCM",
                        "value": "112039"
                    }
                ],
                "status": "final",
                "code": {
                    "coding": [
                        {
                            "system": "RADLEX",
                            "code": "103340004",
                            "display": "Short Axis"
                        }
                    ]
                },
                "subject": {
                    "reference": "Patient/2708154"
                },
                "effectivePeriod": {
                    "start": "2013-04-02T09:30:10+01:00"
                },
                "issued": "2013-04-03T15:30:10+01:00",
                "valueQuantity": {
                    "value": 10.0,
                    "unit": "mm3",
                    "system": "UCUM",
                    "code": "millimeter"
                }
            },
            "search": {
                "mode": "match"
            }
        },
        {
            "fullUrl": "http://hapi.fhir.org/baseR4/Observation/2708326",
            "resource": {
                "resourceType": "Observation",
                "id": "2708326",
                "meta": {
                    "versionId": "1",
                    "lastUpdated": "2021-12-11T14:12:46.528+00:00",
                    "source": "#7F08XgzDt1LDefLB"
                },
                "text": {
                    "status": "generated"
                },
                "identifier": [
                    {
                        "use": "official",
                        "system": "DCM",
                        "value": "112039"
                    }
                ],
                "status": "final",
                "code": {
                    "coding": [
                        {
                            "system": "RADLEX",
                            "code": "L0JK",
                            "display": "Maximum 3D Diameter of a Mesh"
                        }
                    ]
                },
                "subject": {
                    "reference": "Patient/2708154"
                },
                "effectivePeriod": {
                    "start": "2013-04-02T09:30:10+01:00"
                },
                "issued": "2013-04-03T15:30:10+01:00",
                "valueQuantity": {
                    "value": 21.9,
                    "unit": "mm3",
                    "system": "UCUM",
                    "code": "millimeter"
                }
            },
            "search": {
                "mode": "match"
            }
        },
        {
            "fullUrl": "http://hapi.fhir.org/baseR4/Observation/2708170",
            "resource": {
                "resourceType": "Observation",
                "id": "2708170",
                "meta": {
                    "versionId": "1",
                    "lastUpdated": "2021-12-11T09:38:11.317+00:00",
                    "source": "#DxjxtMCULkhbIICg"
                },
                "text": {
                    "status": "generated"
                },
                "identifier": [
                    {
                        "use": "official",
                        "system": "DCM",
                        "value": "112039"
                    }
                ],
                "status": "final",
                "code": {
                    "coding": [
                        {
                            "system": "RADLEX",
                            "code": "RID28668",
                            "display": "Volume"
                        }
                    ]
                },
                "subject": {
                    "reference": "Patient/2708154"
                },
                "effectivePeriod": {
                    "start": "2013-04-02T09:30:10+01:00"
                },
                "issued": "2013-04-03T15:30:10+01:00",
                "valueQuantity": {
                    "value": 767.9,
                    "unit": "mm3",
                    "system": "UCUM",
                    "code": "cubic millimeter"
                }
            },
            "search": {
                "mode": "match"
            }
        },
        {
            "fullUrl": "http://hapi.fhir.org/baseR4/ImagingStudy/2708161",
            "resource": {
                "resourceType": "ImagingStudy",
                "id": "2708161",
                "meta": {
                    "versionId": "1",
                    "lastUpdated": "2021-12-11T06:59:49.305+00:00",
                    "source": "#Ty4qFddWWDSVRgh9"
                },
                "identifier": [
                    {
                        "use": "official",
                        "system": "urn:dicom:uid",
                        "value": "urn:oid:1.3.12.2.1107.5.1.4.54016.30000009051405354025000000035"
                    }
                ],
                "status": "available",
                "subject": {
                    "reference": "Patient/2708154"
                },
                "started": "2009-05-14T10:50:44",
                "numberOfSeries": 1,
                "numberOfInstances": 1,
                "series": [
                    {
                        "uid": "1.3.12.2.1107.5.1.4.54016.30000009051404464068700003418",
                        "number": 2,
                        "modality": {
                            "system": "http://dicom.nema.org/resources/ontology/DCM",
                            "code": "CT"
                        },
                        "description": "Topogram  0.6  T80s",
                        "numberOfInstances": 1,
                        "bodySite": {
                            "display": "LSPINE"
                        },
                        "instance": [
                            {
                                "uid": "1.3.12.2.1107.5.8.2.0.2009519182519663.20629",
                                "sopClass": {
                                    "system": "urn:ietf:rfc:3986",
                                    "code": "urn:oid:1.2.840.10008.5.1.4.1.1.2"
                                },
                                "number": 1
                            }
                        ]
                    }
                ]
            },
            "search": {
                "mode": "match"
            }
        }
    ]
}