{
    "resourceType": "ImagingStudy",
    "id": "2708161",
    "meta": {
        "versionId": "1",
        "lastUpdated": "2021-12-11T06:59:49.305+00:00"
    },
    "identifier": [
        {
            "use": "official",
            "system": "urn:dicom:uid",
            "value": "urn:oid:1.3.12.2.1107.5.1.4.54016.30000009051405354025000000035"
        }
    ],
    "status": "available",
    "subject": {
        "reference": "Patient/2708154"
    },
    "started": "2009-05-14T10:50:44",
    "numberOfSeries": 1,
    "numberOfInstances": 1,
    "series": [
        {
            "uid": "1.3.12.2.1107.5.1.4.54016.30000009051404464068700003418",
            "number": 2,
            "modality": {
                "system": "http://dicom.nema.org/resources/ontology/DCM",
                "code": "CT"
            },
            "description": "Topogram  0.6  T80s",
            "numberOfInstances": 1,
            "bodySite": {
                "display": "LSPINE"
            },
            "instance": [
                {
                    "uid": "1.3.12.2.1107.5.8.2.0.2009519182519663.20629",
                    "sopClass": {
                        "system": "urn:ietf:rfc:3986",
                        "code": "urn:oid:1.2.840.10008.5.1.4.1.1.2"
                    },
                    "number": 1
                }
            ]
        }
    ]
}