{
    "resourceType": "Patient",
    "id": "2708154",
    "meta": {
        "versionId": "1",
        "lastUpdated": "2021-12-11T06:52:12.240+00:00"
    },
    "text": {
        "status": "generated",
        "div": "<div xmlns=\"http://www.w3.org/1999/xhtml\"><div class=\"hapiHeaderText\">Mr. Sameer B <b>DEO </b></div><table class=\"hapiPropertyTable\"><tbody><tr><td>Identifier</td><td/></tr><tr><td>Address</td><td><span>81 Dholoara </span><br/><span>Rajkot </span><span>GJ </span><span>India </span></td></tr><tr><td>Date of birth</td><td><span>09 September 1981</span></td></tr></tbody></table></div>"
    },
    "identifier": [
        {
            "type": {
                "coding": [
                    {
                        "system": "http://terminology.hl7.org/CodeSystem/v2-0203",
                        "code": "MRN95515",
                        "display": "Medical record number"
                    }
                ]
            },
            "system": "https://healthid.ndhm.gov.in"
        }
    ],
    "name": [
        {
            "text": "Sameer Deo",
            "family": "Deo",
            "given": [
                "Sameer",
                "B"
            ],
            "prefix": [
                "Mr."
            ]
        }
    ],
    "telecom": [
        {
            "system": "phone",
            "value": "+91 981 8091854",
            "use": "mobile"
        },
        {
            "system": "phone",
            "value": "+91 981 8091854",
            "use": "home"
        },
        {
            "system": "phone",
            "value": "+91 981 8091854",
            "use": "work"
        },
        {
            "system": "email",
            "value": "sameerdeo@yahoo.co.in"
        }
    ],
    "gender": "male",
    "birthDate": "1981-09-09",
    "address": [
        {
            "line": [
                "81 Dholoara"
            ],
            "city": "Rajkot",
            "state": "GJ",
            "postalCode": "360002",
            "country": "India"
        }
    ],
    "maritalStatus": {
        "coding": [
            {
                "system": "http://terminology.hl7.org/CodeSystem/v3-MaritalStatus",
                "code": "U",
                "display": "unmarried"
            }
        ]
    }
}