{"resourceType":"Patient","id":"14271801915","identifier":[{"type":{"coding":[{"system":"http://terminology.hl7.org/CodeSystem/v2-0203","code":"MRN95515","display":"Medical record number"}]},"system":"https://healthid.ndhm.gov.in"}],"name":[{"text":"Sameer Deo","family":"Deo","given":["Sameer","B"],"prefix":["Mr."]}],"telecom":[{"system":"phone","value":"+91 981 8091854","use":"mobile"},{"system":"phone","value":"+91 981 8091854","use":"home"},{"system":"phone","value":"+91 981 8091854","use":"work"},{"system":"email","value":"sameerdeo@yahoo.co.in"}],"gender":"male","birthDate":"1981-09-09","address":[{"line":["81 Dholoara"],"city":"Rajkot","state":"GJ","postalCode":"360002","country":"India"}],"maritalStatus":{"coding":[{"system":"http://terminology.hl7.org/CodeSystem/v3-MaritalStatus","code":"U","display":"unmarried"}]}}
